-- MySQL dump 10.13  Distrib 5.7.39, for Linux (x86_64)
--
-- Host: localhost    Database: sqlitewebinterface
-- ------------------------------------------------------
-- Server version	5.7.39-0ubuntu0.18.04.2

/*!40101 SET @OLD_CHARACTER_SET_CLIENT=@@CHARACTER_SET_CLIENT */;
/*!40101 SET @OLD_CHARACTER_SET_RESULTS=@@CHARACTER_SET_RESULTS */;
/*!40101 SET @OLD_COLLATION_CONNECTION=@@COLLATION_CONNECTION */;
/*!40101 SET NAMES utf8 */;
/*!40103 SET @OLD_TIME_ZONE=@@TIME_ZONE */;
/*!40103 SET TIME_ZONE='+00:00' */;
/*!40014 SET @OLD_UNIQUE_CHECKS=@@UNIQUE_CHECKS, UNIQUE_CHECKS=0 */;
/*!40014 SET @OLD_FOREIGN_KEY_CHECKS=@@FOREIGN_KEY_CHECKS, FOREIGN_KEY_CHECKS=0 */;
/*!40101 SET @OLD_SQL_MODE=@@SQL_MODE, SQL_MODE='NO_AUTO_VALUE_ON_ZERO' */;
/*!40111 SET @OLD_SQL_NOTES=@@SQL_NOTES, SQL_NOTES=0 */;

--
-- Table structure for table `HiddenRows`
--

DROP TABLE IF EXISTS `HiddenRows`;
/*!40101 SET @saved_cs_client     = @@character_set_client */;
/*!40101 SET character_set_client = utf8 */;
CREATE TABLE `HiddenRows` (
  `id` int(11) NOT NULL AUTO_INCREMENT,
  `key` varchar(120) NOT NULL,
  PRIMARY KEY (`id`),
  UNIQUE KEY `key` (`key`)
) ENGINE=InnoDB AUTO_INCREMENT=58 DEFAULT CHARSET=latin1;
/*!40101 SET character_set_client = @saved_cs_client */;

--
-- Dumping data for table `HiddenRows`
--

LOCK TABLES `HiddenRows` WRITE;
/*!40000 ALTER TABLE `HiddenRows` DISABLE KEYS */;
INSERT INTO `HiddenRows` VALUES (45,'buylink'),(53,'buylinkmulti'),(18,'cln_activity'),(20,'cln_age'),(13,'cln_city'),(17,'cln_comment'),(14,'cln_date'),(15,'cln_fax'),(43,'cln_fax_marketing'),(9,'cln_forename'),(11,'cln_gender'),(19,'cln_housing'),(8,'cln_mail'),(4,'cln_mobile'),(36,'cln_mobile_marketing'),(10,'cln_name'),(16,'cln_site'),(21,'cln_special1'),(30,'cln_special10'),(31,'cln_special11'),(32,'cln_special12'),(33,'cln_special13'),(34,'cln_special14'),(41,'cln_special15'),(40,'cln_special16'),(22,'cln_special2'),(23,'cln_special3'),(24,'cln_special4'),(25,'cln_special5'),(26,'cln_special6'),(27,'cln_special7'),(28,'cln_special8'),(29,'cln_special9'),(12,'cln_street'),(7,'cln_tel1'),(39,'cln_tel1_marketing'),(6,'cln_tel2'),(38,'cln_tel2_marketing'),(5,'cln_tel3'),(37,'cln_tel3_marketing'),(3,'cln_zip'),(49,'dlg_jaunt'),(50,'dlg_java'),(48,'dlg_jsoup'),(56,'dlg_man_manual_city_jlabel'),(57,'dlg_man_manual_street_jlabel'),(55,'dlg_man_manual_zip_jlabel'),(51,'dlg_selenium'),(1,'dlg_stg_sql_create_table'),(44,'file_column'),(54,'text'),(52,'word_ethnic_group'),(47,'word_siren'),(46,'word_siret');
/*!40000 ALTER TABLE `HiddenRows` ENABLE KEYS */;
UNLOCK TABLES;

--
-- Table structure for table `Languages`
--

DROP TABLE IF EXISTS `Languages`;
/*!40101 SET @saved_cs_client     = @@character_set_client */;
/*!40101 SET character_set_client = utf8 */;
CREATE TABLE `Languages` (
  `id` int(11) NOT NULL AUTO_INCREMENT,
  `lang_title` varchar(40) NOT NULL,
  PRIMARY KEY (`id`),
  UNIQUE KEY `Languages_lang_title_uindex` (`lang_title`)
) ENGINE=InnoDB AUTO_INCREMENT=458 DEFAULT CHARSET=latin1;
/*!40101 SET character_set_client = @saved_cs_client */;

--
-- Dumping data for table `Languages`
--

LOCK TABLES `Languages` WRITE;
/*!40000 ALTER TABLE `Languages` DISABLE KEYS */;
INSERT INTO `Languages` VALUES (442,'Afrikaans'),(424,'Arabic'),(432,'Bengali'),(444,'Bulgarian'),(431,'Chinese_simplified'),(429,'Chinese_traditional'),(457,'Croatian'),(438,'Danish'),(437,'Dutch'),(420,'English'),(445,'Filipino'),(441,'Finnish'),(425,'French'),(421,'German'),(446,'Greek'),(428,'Hindi'),(447,'Hungarian'),(448,'Indonesian'),(426,'Italian'),(430,'Japanese'),(449,'Korean'),(452,'Malagasy'),(450,'Malay'),(439,'Norwegian'),(453,'Polish'),(427,'Portuguese_br'),(433,'Portuguese_pt'),(423,'Russian'),(454,'Slovak'),(422,'Spanish'),(440,'Swedish'),(455,'Thai'),(434,'Turkish'),(456,'Ukrainian');
/*!40000 ALTER TABLE `Languages` ENABLE KEYS */;
UNLOCK TABLES;

--
-- Table structure for table `Role`
--

DROP TABLE IF EXISTS `Role`;
/*!40101 SET @saved_cs_client     = @@character_set_client */;
/*!40101 SET character_set_client = utf8 */;
CREATE TABLE `Role` (
  `id` int(11) NOT NULL AUTO_INCREMENT,
  `role_name` varchar(20) NOT NULL,
  PRIMARY KEY (`id`),
  UNIQUE KEY `Role_role_name_uindex` (`role_name`)
) ENGINE=InnoDB AUTO_INCREMENT=3 DEFAULT CHARSET=latin1;
/*!40101 SET character_set_client = @saved_cs_client */;

--
-- Dumping data for table `Role`
--

LOCK TABLES `Role` WRITE;
/*!40000 ALTER TABLE `Role` DISABLE KEYS */;
INSERT INTO `Role` VALUES (1,'admin'),(2,'user');
/*!40000 ALTER TABLE `Role` ENABLE KEYS */;
UNLOCK TABLES;

--
-- Table structure for table `User`
--

DROP TABLE IF EXISTS `User`;
/*!40101 SET @saved_cs_client     = @@character_set_client */;
/*!40101 SET character_set_client = utf8 */;
CREATE TABLE `User` (
  `id` int(11) NOT NULL AUTO_INCREMENT,
  `name` varchar(40) NOT NULL DEFAULT '',
  `password` varchar(20) NOT NULL,
  `role_id` int(11) NOT NULL,
  PRIMARY KEY (`id`),
  UNIQUE KEY `User_username_uindex` (`name`),
  KEY `role_id` (`role_id`),
  CONSTRAINT `role_id` FOREIGN KEY (`role_id`) REFERENCES `Role` (`id`)
) ENGINE=InnoDB AUTO_INCREMENT=61 DEFAULT CHARSET=latin1;
/*!40101 SET character_set_client = @saved_cs_client */;

--
-- Dumping data for table `User`
--

LOCK TABLES `User` WRITE;
/*!40000 ALTER TABLE `User` DISABLE KEYS */;
INSERT INTO `User` VALUES (1,'admin','eDf1r23g4tgfA',1),(25,'revisorfr1','qwertyfr1',2),(26,'revisorru1','qwertyru1',2),(27,'revisores1','qwertyes1',2),(28,'revisoren1','qwertyen1',2),(29,'revisortr1','qwertytr1',2),(30,'revisorjp1','qwertyjp1',2),(31,'revisorar1','qwertyar1',2),(32,'revisorde1','qwertyde1',2),(33,'revisorit1','qwertyit1',2),(34,'revisorbr1','qwertybr1',2),(35,'revisorhi1','qwertyhi1',2),(36,'revisortw1','qwertytw1',2),(37,'revisorzh1','qwertyzh1',2),(38,'revisorbn1','qwertybn1',2),(39,'revisorpt1','qwertypt1',2),(40,'revisornl1','qwertynl1',2),(41,'revisorda1','qwertyda1',2),(42,'revisorsv1','qwertysv1',2),(43,'revisorno1','qwertyno1',2),(44,'revisorfi1','qwertyfi1',2),(45,'revisorafr1','qwertyafr1',2),(47,'revisorbg1','qwertybg1',2),(48,'revisorfp1','qwertyfp1',2),(49,'revisorgr1','qwertygr1',2),(50,'revisorhu1','qwertyhu1',2),(51,'revisorin1','qwertyin1',2),(52,'revisorkr1','qwertykr1',2),(53,'revisorma1','qwertyma1',2),(56,'revisorpl1','qwertypl1',2),(57,'revisorslk1','qwertyslk1',2),(58,'revisorth1','qwertyth1',2),(59,'revisorukr1','qwertyukr1',2),(60,'revisormag1','qwertymag1',2);
/*!40000 ALTER TABLE `User` ENABLE KEYS */;
UNLOCK TABLES;

--
-- Table structure for table `UserPermission`
--

DROP TABLE IF EXISTS `UserPermission`;
/*!40101 SET @saved_cs_client     = @@character_set_client */;
/*!40101 SET character_set_client = utf8 */;
CREATE TABLE `UserPermission` (
  `id` int(11) NOT NULL AUTO_INCREMENT,
  `user_id` int(11) NOT NULL,
  `language_id` int(11) NOT NULL,
  `view` tinyint(1) NOT NULL DEFAULT '0',
  `edit` tinyint(1) NOT NULL DEFAULT '0',
  PRIMARY KEY (`id`),
  KEY `UserPermission_User_id_fk` (`user_id`),
  KEY `UserPermission_Languages_id_fk` (`language_id`),
  CONSTRAINT `UserPermission_Languages_id_fk` FOREIGN KEY (`language_id`) REFERENCES `Languages` (`id`) ON DELETE CASCADE ON UPDATE CASCADE,
  CONSTRAINT `UserPermission_User_id_fk` FOREIGN KEY (`user_id`) REFERENCES `User` (`id`) ON DELETE CASCADE ON UPDATE CASCADE
) ENGINE=InnoDB AUTO_INCREMENT=1276 DEFAULT CHARSET=latin1;
/*!40101 SET character_set_client = @saved_cs_client */;

--
-- Dumping data for table `UserPermission`
--

LOCK TABLES `UserPermission` WRITE;
/*!40000 ALTER TABLE `UserPermission` DISABLE KEYS */;
INSERT INTO `UserPermission` VALUES (1,25,420,1,0),(2,25,421,0,0),(3,25,422,0,0),(4,25,423,0,0),(5,25,424,0,0),(6,25,425,1,1),(7,25,426,0,0),(8,25,427,0,0),(9,25,428,0,0),(10,25,429,0,0),(11,25,430,0,0),(12,25,431,0,0),(13,25,432,0,0),(14,25,433,0,0),(15,25,434,0,0),(16,26,420,1,0),(17,26,421,0,0),(18,26,422,0,0),(19,26,423,1,1),(20,26,424,0,0),(21,26,425,0,0),(22,26,426,0,0),(23,26,427,0,0),(24,26,428,0,0),(25,26,429,0,0),(26,26,430,0,0),(27,26,431,0,0),(28,26,432,0,0),(29,26,433,0,0),(30,26,434,0,0),(31,27,420,1,0),(32,27,421,0,0),(33,27,422,1,1),(34,27,423,0,0),(35,27,424,0,0),(36,27,425,0,0),(37,27,426,0,0),(38,27,427,0,0),(39,27,428,0,0),(40,27,429,0,0),(41,27,430,0,0),(42,27,431,0,0),(43,27,432,0,0),(44,27,433,0,0),(45,27,434,0,0),(46,28,420,1,1),(47,28,421,0,0),(48,28,422,0,0),(49,28,423,0,0),(50,28,424,0,0),(51,28,425,0,0),(52,28,426,0,0),(53,28,427,0,0),(54,28,428,0,0),(55,28,429,0,0),(56,28,430,0,0),(57,28,431,0,0),(58,28,432,0,0),(59,28,433,0,0),(60,28,434,0,0),(61,29,420,1,0),(62,29,421,0,0),(63,29,422,0,0),(64,29,423,0,0),(65,29,424,0,0),(66,29,425,0,0),(67,29,426,0,0),(68,29,427,0,0),(69,29,428,0,0),(70,29,429,0,0),(71,29,430,0,0),(72,29,431,0,0),(73,29,432,0,0),(74,29,433,0,0),(75,29,434,1,1),(76,30,420,1,0),(77,30,421,0,0),(78,30,422,0,0),(79,30,423,0,0),(80,30,424,0,0),(81,30,425,0,0),(82,30,426,0,0),(83,30,427,0,0),(84,30,428,0,0),(85,30,429,0,0),(86,30,430,1,1),(87,30,431,0,0),(88,30,432,0,0),(89,30,433,0,0),(90,30,434,0,0),(91,31,420,1,0),(92,31,421,0,0),(93,31,422,0,0),(94,31,423,0,0),(95,31,424,1,1),(96,31,425,0,0),(97,31,426,0,0),(98,31,427,0,0),(99,31,428,0,0),(100,31,429,0,0),(101,31,430,0,0),(102,31,431,0,0),(103,31,432,0,0),(104,31,433,0,0),(105,31,434,0,0),(106,32,420,1,0),(107,32,421,1,1),(108,32,422,0,0),(109,32,423,0,0),(110,32,424,0,0),(111,32,425,0,0),(112,32,426,0,0),(113,32,427,0,0),(114,32,428,0,0),(115,32,429,0,0),(116,32,430,0,0),(117,32,431,0,0),(118,32,432,0,0),(119,32,433,0,0),(120,32,434,0,0),(121,33,420,1,0),(122,33,421,0,0),(123,33,422,0,0),(124,33,423,0,0),(125,33,424,0,0),(126,33,425,0,0),(127,33,426,1,1),(128,33,427,0,0),(129,33,428,0,0),(130,33,429,0,0),(131,33,430,0,0),(132,33,431,0,0),(133,33,432,0,0),(134,33,433,0,0),(135,33,434,0,0),(136,34,420,1,0),(137,34,421,0,0),(138,34,422,0,0),(139,34,423,0,0),(140,34,424,0,0),(141,34,425,0,0),(142,34,426,0,0),(143,34,427,1,1),(144,34,428,0,0),(145,34,429,0,0),(146,34,430,0,0),(147,34,431,0,0),(148,34,432,0,0),(149,34,433,0,0),(150,34,434,0,0),(151,35,420,1,0),(152,35,421,0,0),(153,35,422,0,0),(154,35,423,0,0),(155,35,424,0,0),(156,35,425,0,0),(157,35,426,0,0),(158,35,427,0,0),(159,35,428,1,1),(160,35,429,0,0),(161,35,430,0,0),(162,35,431,0,0),(163,35,432,0,0),(164,35,433,0,0),(165,35,434,0,0),(166,36,420,1,0),(167,36,421,0,0),(168,36,422,0,0),(169,36,423,0,0),(170,36,424,0,0),(171,36,425,0,0),(172,36,426,0,0),(173,36,427,0,0),(174,36,428,0,0),(175,36,429,1,1),(176,36,430,0,0),(177,36,431,0,0),(178,36,432,0,0),(179,36,433,0,0),(180,36,434,0,0),(181,37,420,1,0),(182,37,421,0,0),(183,37,422,0,0),(184,37,423,0,0),(185,37,424,0,0),(186,37,425,0,0),(187,37,426,0,0),(188,37,427,0,0),(189,37,428,0,0),(190,37,429,0,0),(191,37,430,0,0),(192,37,431,1,1),(193,37,432,0,0),(194,37,433,0,0),(195,37,434,0,0),(196,38,420,1,0),(197,38,421,0,0),(198,38,422,0,0),(199,38,423,0,0),(200,38,424,0,0),(201,38,425,0,0),(202,38,426,0,0),(203,38,427,0,0),(204,38,428,0,0),(205,38,429,0,0),(206,38,430,0,0),(207,38,431,0,0),(208,38,432,1,1),(209,38,433,0,0),(210,38,434,0,0),(211,39,420,1,0),(212,39,421,0,0),(213,39,422,0,0),(214,39,423,0,0),(215,39,424,0,0),(216,39,425,0,0),(217,39,426,0,0),(218,39,427,0,0),(219,39,428,0,0),(220,39,429,0,0),(221,39,430,0,0),(222,39,431,0,0),(223,39,432,0,0),(224,39,433,1,1),(225,39,434,0,0),(226,1,420,1,1),(227,1,421,1,0),(228,1,422,1,0),(229,1,423,1,0),(230,1,424,1,0),(231,1,425,1,1),(232,1,426,1,0),(233,1,427,1,0),(234,1,428,1,0),(235,1,429,1,0),(236,1,430,1,0),(237,1,431,1,0),(238,1,432,1,0),(239,1,433,1,0),(240,1,434,1,0),(241,25,437,0,0),(242,26,437,0,0),(243,27,437,0,0),(244,28,437,0,0),(245,29,437,0,0),(246,30,437,0,0),(247,31,437,0,0),(248,32,437,0,0),(249,33,437,0,0),(250,34,437,0,0),(251,35,437,0,0),(252,36,437,0,0),(253,37,437,0,0),(254,38,437,0,0),(255,39,437,0,0),(256,40,424,0,0),(257,40,432,0,0),(258,40,431,0,0),(259,40,429,0,0),(260,40,437,1,1),(261,40,420,1,0),(262,40,425,0,0),(263,40,421,0,0),(264,40,428,0,0),(265,40,426,0,0),(266,40,430,0,0),(267,40,427,0,0),(268,40,433,0,0),(269,40,423,0,0),(270,40,422,0,0),(271,40,434,0,0),(272,25,438,0,0),(273,26,438,0,0),(274,27,438,0,0),(275,28,438,0,0),(276,29,438,0,0),(277,30,438,0,0),(278,31,438,0,0),(279,32,438,0,0),(280,33,438,0,0),(281,34,438,0,0),(282,35,438,0,0),(283,36,438,0,0),(284,37,438,0,0),(285,38,438,0,0),(286,39,438,0,0),(287,40,438,0,0),(288,25,439,0,0),(289,26,439,0,0),(290,27,439,0,0),(291,28,439,0,0),(292,29,439,0,0),(293,30,439,0,0),(294,31,439,0,0),(295,32,439,0,0),(296,33,439,0,0),(297,34,439,0,0),(298,35,439,0,0),(299,36,439,0,0),(300,37,439,0,0),(301,38,439,0,0),(302,39,439,0,0),(303,40,439,0,0),(304,25,440,0,0),(305,26,440,0,0),(306,27,440,0,0),(307,28,440,0,0),(308,29,440,0,0),(309,30,440,0,0),(310,31,440,0,0),(311,32,440,0,0),(312,33,440,0,0),(313,34,440,0,0),(314,35,440,0,0),(315,36,440,0,0),(316,37,440,0,0),(317,38,440,0,0),(318,39,440,0,0),(319,40,440,0,0),(320,25,441,0,0),(321,26,441,0,0),(322,27,441,0,0),(323,28,441,0,0),(324,29,441,0,0),(325,30,441,0,0),(326,31,441,0,0),(327,32,441,0,0),(328,33,441,0,0),(329,34,441,0,0),(330,35,441,0,0),(331,36,441,0,0),(332,37,441,0,0),(333,38,441,0,0),(334,39,441,0,0),(335,40,441,0,0),(336,41,424,0,0),(337,41,432,0,0),(338,41,431,0,0),(339,41,429,0,0),(340,41,438,1,1),(341,41,437,0,0),(342,41,420,1,0),(343,41,441,0,0),(344,41,425,0,0),(345,41,421,0,0),(346,41,428,0,0),(347,41,426,0,0),(348,41,430,0,0),(349,41,439,0,0),(350,41,427,0,0),(351,41,433,0,0),(352,41,423,0,0),(353,41,422,0,0),(354,41,440,0,0),(355,41,434,0,0),(356,42,424,0,0),(357,42,432,0,0),(358,42,431,0,0),(359,42,429,0,0),(360,42,438,0,0),(361,42,437,0,0),(362,42,420,1,0),(363,42,441,0,0),(364,42,425,0,0),(365,42,421,0,0),(366,42,428,0,0),(367,42,426,0,0),(368,42,430,0,0),(369,42,439,0,0),(370,42,427,0,0),(371,42,433,0,0),(372,42,423,0,0),(373,42,422,0,0),(374,42,440,1,1),(375,42,434,0,0),(376,43,424,0,0),(377,43,432,0,0),(378,43,431,0,0),(379,43,429,0,0),(380,43,438,0,0),(381,43,437,0,0),(382,43,420,1,0),(383,43,441,0,0),(384,43,425,0,0),(385,43,421,0,0),(386,43,428,0,0),(387,43,426,0,0),(388,43,430,0,0),(389,43,439,1,1),(390,43,427,0,0),(391,43,433,0,0),(392,43,423,0,0),(393,43,422,0,0),(394,43,440,0,0),(395,43,434,0,0),(396,44,424,0,0),(397,44,432,0,0),(398,44,431,0,0),(399,44,429,0,0),(400,44,438,0,0),(401,44,437,0,0),(402,44,420,1,0),(403,44,441,1,1),(404,44,425,0,0),(405,44,421,0,0),(406,44,428,0,0),(407,44,426,0,0),(408,44,430,0,0),(409,44,439,0,0),(410,44,427,0,0),(411,44,433,0,0),(412,44,423,0,0),(413,44,422,0,0),(414,44,440,0,0),(415,44,434,0,0),(416,25,442,0,0),(417,26,442,0,0),(418,27,442,0,0),(419,28,442,0,0),(420,29,442,0,0),(421,30,442,0,0),(422,31,442,0,0),(423,32,442,0,0),(424,33,442,0,0),(425,34,442,0,0),(426,35,442,0,0),(427,36,442,0,0),(428,37,442,0,0),(429,38,442,0,0),(430,39,442,0,0),(431,40,442,0,0),(432,41,442,0,0),(433,42,442,0,0),(434,43,442,0,0),(435,44,442,0,0),(436,45,442,1,1),(437,45,424,0,0),(438,45,432,0,0),(439,45,431,0,0),(440,45,429,0,0),(441,45,438,0,0),(442,45,437,0,0),(443,45,420,1,0),(444,45,441,0,0),(445,45,425,0,0),(446,45,421,0,0),(447,45,428,0,0),(448,45,426,0,0),(449,45,430,0,0),(450,45,439,0,0),(451,45,427,0,0),(452,45,433,0,0),(453,45,423,0,0),(454,45,422,0,0),(455,45,440,0,0),(456,45,434,0,0),(500,25,444,0,0),(501,26,444,0,0),(502,27,444,0,0),(503,28,444,0,0),(504,29,444,0,0),(505,30,444,0,0),(506,31,444,0,0),(507,32,444,0,0),(508,33,444,0,0),(509,34,444,0,0),(510,35,444,0,0),(511,36,444,0,0),(512,37,444,0,0),(513,38,444,0,0),(514,39,444,0,0),(515,40,444,0,0),(516,41,444,0,0),(517,42,444,0,0),(518,43,444,0,0),(519,44,444,0,0),(520,45,444,0,0),(522,47,442,0,0),(523,47,424,0,0),(525,47,432,0,0),(526,47,444,1,1),(527,47,431,0,0),(528,47,429,0,0),(529,47,438,0,0),(530,47,437,0,0),(531,47,420,1,0),(532,47,441,0,0),(533,47,425,0,0),(534,47,421,0,0),(535,47,428,0,0),(536,47,426,0,0),(537,47,430,0,0),(538,47,439,0,0),(539,47,427,0,0),(540,47,433,0,0),(541,47,423,0,0),(542,47,422,0,0),(543,47,440,0,0),(544,47,434,0,0),(545,25,445,0,0),(546,26,445,0,0),(547,27,445,0,0),(548,28,445,0,0),(549,29,445,0,0),(550,30,445,0,0),(551,31,445,0,0),(552,32,445,0,0),(553,33,445,0,0),(554,34,445,0,0),(555,35,445,0,0),(556,36,445,0,0),(557,37,445,0,0),(558,38,445,0,0),(559,39,445,0,0),(560,40,445,0,0),(561,41,445,0,0),(562,42,445,0,0),(563,43,445,0,0),(564,44,445,0,0),(565,45,445,0,0),(567,47,445,0,0),(568,48,442,0,0),(569,48,424,0,0),(571,48,432,0,0),(572,48,444,0,0),(573,48,431,0,0),(574,48,429,0,0),(575,48,438,0,0),(576,48,437,0,0),(577,48,420,1,0),(578,48,445,1,1),(579,48,441,0,0),(580,48,425,0,0),(581,48,421,0,0),(582,48,428,0,0),(583,48,426,0,0),(584,48,430,0,0),(585,48,439,0,0),(586,48,427,0,0),(587,48,433,0,0),(588,48,423,0,0),(589,48,422,0,0),(590,48,440,0,0),(591,48,434,0,0),(592,25,446,0,0),(593,26,446,0,0),(594,27,446,0,0),(595,28,446,0,0),(596,29,446,0,0),(597,30,446,0,0),(598,31,446,0,0),(599,32,446,0,0),(600,33,446,0,0),(601,34,446,0,0),(602,35,446,0,0),(603,36,446,0,0),(604,37,446,0,0),(605,38,446,0,0),(606,39,446,0,0),(607,40,446,0,0),(608,41,446,0,0),(609,42,446,0,0),(610,43,446,0,0),(611,44,446,0,0),(612,45,446,0,0),(614,47,446,0,0),(615,48,446,0,0),(616,49,442,0,0),(617,49,424,0,0),(619,49,432,0,0),(620,49,444,0,0),(621,49,431,0,0),(622,49,429,0,0),(623,49,438,0,0),(624,49,437,0,0),(625,49,420,1,0),(626,49,445,0,0),(627,49,441,0,0),(628,49,425,0,0),(629,49,421,0,0),(630,49,446,1,1),(631,49,428,0,0),(632,49,426,0,0),(633,49,430,0,0),(634,49,439,0,0),(635,49,427,0,0),(636,49,433,0,0),(637,49,423,0,0),(638,49,422,0,0),(639,49,440,0,0),(640,49,434,0,0),(641,25,447,0,0),(642,26,447,0,0),(643,27,447,0,0),(644,28,447,0,0),(645,29,447,0,0),(646,30,447,0,0),(647,31,447,0,0),(648,32,447,0,0),(649,33,447,0,0),(650,34,447,0,0),(651,35,447,0,0),(652,36,447,0,0),(653,37,447,0,0),(654,38,447,0,0),(655,39,447,0,0),(656,40,447,0,0),(657,41,447,0,0),(658,42,447,0,0),(659,43,447,0,0),(660,44,447,0,0),(661,45,447,0,0),(663,47,447,0,0),(664,48,447,0,0),(665,49,447,0,0),(666,50,442,0,0),(667,50,424,0,0),(669,50,432,0,0),(670,50,444,0,0),(671,50,431,0,0),(672,50,429,0,0),(673,50,438,0,0),(674,50,437,0,0),(675,50,420,1,0),(676,50,445,0,0),(677,50,441,0,0),(678,50,425,0,0),(679,50,421,0,0),(680,50,446,0,0),(681,50,428,0,0),(682,50,447,1,1),(683,50,426,0,0),(684,50,430,0,0),(685,50,439,0,0),(686,50,427,0,0),(687,50,433,0,0),(688,50,423,0,0),(689,50,422,0,0),(690,50,440,0,0),(691,50,434,0,0),(692,51,442,0,0),(693,51,424,0,0),(695,51,432,0,0),(696,51,444,0,0),(697,51,431,0,0),(698,51,429,0,0),(699,51,438,0,0),(700,51,437,0,0),(701,51,420,1,0),(702,51,445,0,0),(703,51,441,0,0),(704,51,425,0,0),(705,51,421,0,0),(706,51,446,0,0),(707,51,428,0,0),(708,51,447,0,0),(709,51,426,0,0),(710,51,430,0,0),(711,51,439,0,0),(712,51,427,0,0),(713,51,433,0,0),(714,51,423,0,0),(715,51,422,0,0),(716,51,440,0,0),(717,51,434,0,0),(718,25,448,0,0),(719,26,448,0,0),(720,27,448,0,0),(721,28,448,0,0),(722,29,448,0,0),(723,30,448,0,0),(724,31,448,0,0),(725,32,448,0,0),(726,33,448,0,0),(727,34,448,0,0),(728,35,448,0,0),(729,36,448,0,0),(730,37,448,0,0),(731,38,448,0,0),(732,39,448,0,0),(733,40,448,0,0),(734,41,448,0,0),(735,42,448,0,0),(736,43,448,0,0),(737,44,448,0,0),(738,45,448,0,0),(740,47,448,0,0),(741,48,448,0,0),(742,49,448,0,0),(743,50,448,0,0),(744,51,448,1,1),(745,25,449,0,0),(746,26,449,0,0),(747,27,449,0,0),(748,28,449,0,0),(749,29,449,0,0),(750,30,449,0,0),(751,31,449,0,0),(752,32,449,0,0),(753,33,449,0,0),(754,34,449,0,0),(755,35,449,0,0),(756,36,449,0,0),(757,37,449,0,0),(758,38,449,0,0),(759,39,449,0,0),(760,40,449,0,0),(761,41,449,0,0),(762,42,449,0,0),(763,43,449,0,0),(764,44,449,0,0),(765,45,449,0,0),(767,47,449,0,0),(768,48,449,0,0),(769,49,449,0,0),(770,50,449,0,0),(771,51,449,0,0),(772,52,442,0,0),(773,52,424,0,0),(775,52,432,0,0),(776,52,444,0,0),(777,52,431,0,0),(778,52,429,0,0),(779,52,438,0,0),(780,52,437,0,0),(781,52,420,1,0),(782,52,445,0,0),(783,52,441,0,0),(784,52,425,0,0),(785,52,421,0,0),(786,52,446,0,0),(787,52,428,0,0),(788,52,447,0,0),(789,52,448,0,0),(790,52,426,0,0),(791,52,430,0,0),(792,52,449,1,1),(793,52,439,0,0),(794,52,427,0,0),(795,52,433,0,0),(796,52,423,0,0),(797,52,422,0,0),(798,52,440,0,0),(799,52,434,0,0),(800,25,450,0,0),(801,26,450,0,0),(802,27,450,0,0),(803,28,450,0,0),(804,29,450,0,0),(805,30,450,0,0),(806,31,450,0,0),(807,32,450,0,0),(808,33,450,0,0),(809,34,450,0,0),(810,35,450,0,0),(811,36,450,0,0),(812,37,450,0,0),(813,38,450,0,0),(814,39,450,0,0),(815,40,450,0,0),(816,41,450,0,0),(817,42,450,0,0),(818,43,450,0,0),(819,44,450,0,0),(820,45,450,0,0),(822,47,450,0,0),(823,48,450,0,0),(824,49,450,0,0),(825,50,450,0,0),(826,51,450,0,0),(827,52,450,0,0),(828,53,442,0,0),(829,53,424,0,0),(831,53,432,0,0),(832,53,444,0,0),(833,53,431,0,0),(834,53,429,0,0),(835,53,438,0,0),(836,53,437,0,0),(837,53,420,1,0),(838,53,445,0,0),(839,53,441,0,0),(840,53,425,0,0),(841,53,421,0,0),(842,53,446,0,0),(843,53,428,0,0),(844,53,447,0,0),(845,53,448,0,0),(846,53,426,0,0),(847,53,430,0,0),(848,53,449,0,0),(849,53,450,1,1),(850,53,439,0,0),(851,53,427,0,0),(852,53,433,0,0),(853,53,423,0,0),(854,53,422,0,0),(855,53,440,0,0),(856,53,434,0,0),(857,25,452,0,0),(858,26,452,0,0),(859,27,452,0,0),(860,28,452,0,0),(861,29,452,0,0),(862,30,452,0,0),(863,31,452,0,0),(864,32,452,0,0),(865,33,452,0,0),(866,34,452,0,0),(867,35,452,0,0),(868,36,452,0,0),(869,37,452,0,0),(870,38,452,0,0),(871,39,452,0,0),(872,40,452,0,0),(873,41,452,0,0),(874,42,452,0,0),(875,43,452,0,0),(876,44,452,0,0),(877,45,452,0,0),(879,47,452,0,0),(880,48,452,0,0),(881,49,452,0,0),(882,50,452,0,0),(883,51,452,0,0),(884,52,452,0,0),(885,53,452,0,0),(948,25,453,0,0),(949,26,453,0,0),(950,27,453,0,0),(951,28,453,0,0),(952,29,453,0,0),(953,30,453,0,0),(954,31,453,0,0),(955,32,453,0,0),(956,33,453,0,0),(957,34,453,0,0),(958,35,453,0,0),(959,36,453,0,0),(960,37,453,0,0),(961,38,453,0,0),(962,39,453,0,0),(963,40,453,0,0),(964,41,453,0,0),(965,42,453,0,0),(966,43,453,0,0),(967,44,453,0,0),(968,45,453,0,0),(970,47,453,0,0),(971,48,453,0,0),(972,49,453,0,0),(973,50,453,0,0),(974,51,453,0,0),(975,52,453,0,0),(976,53,453,0,0),(978,56,442,0,0),(979,56,424,0,0),(981,56,432,0,0),(982,56,444,0,0),(983,56,431,0,0),(984,56,429,0,0),(985,56,438,0,0),(986,56,437,0,0),(987,56,420,1,0),(988,56,445,0,0),(989,56,441,0,0),(990,56,425,0,0),(991,56,421,0,0),(992,56,446,0,0),(993,56,428,0,0),(994,56,447,0,0),(995,56,448,0,0),(996,56,426,0,0),(997,56,430,0,0),(998,56,449,0,0),(999,56,452,0,0),(1001,56,450,0,0),(1002,56,439,0,0),(1003,56,453,1,1),(1004,56,427,0,0),(1005,56,433,0,0),(1006,56,423,0,0),(1007,56,422,0,0),(1008,56,440,0,0),(1009,56,434,0,0),(1010,25,454,0,0),(1011,26,454,0,0),(1012,27,454,0,0),(1013,28,454,0,0),(1014,29,454,0,0),(1015,30,454,0,0),(1016,31,454,0,0),(1017,32,454,0,0),(1018,33,454,0,0),(1019,34,454,0,0),(1020,35,454,0,0),(1021,36,454,0,0),(1022,37,454,0,0),(1023,38,454,0,0),(1024,39,454,0,0),(1025,40,454,0,0),(1026,41,454,0,0),(1027,42,454,0,0),(1028,43,454,0,0),(1029,44,454,0,0),(1030,45,454,0,0),(1032,47,454,0,0),(1033,48,454,0,0),(1034,49,454,0,0),(1035,50,454,0,0),(1036,51,454,0,0),(1037,52,454,0,0),(1038,53,454,0,0),(1040,56,454,0,0),(1041,25,455,0,0),(1042,26,455,0,0),(1043,27,455,0,0),(1044,28,455,0,0),(1045,29,455,0,0),(1046,30,455,0,0),(1047,31,455,0,0),(1048,32,455,0,0),(1049,33,455,0,0),(1050,34,455,0,0),(1051,35,455,0,0),(1052,36,455,0,0),(1053,37,455,0,0),(1054,38,455,0,0),(1055,39,455,0,0),(1056,40,455,0,0),(1057,41,455,0,0),(1058,42,455,0,0),(1059,43,455,0,0),(1060,44,455,0,0),(1061,45,455,0,0),(1063,47,455,0,0),(1064,48,455,0,0),(1065,49,455,0,0),(1066,50,455,0,0),(1067,51,455,0,0),(1068,52,455,0,0),(1069,53,455,0,0),(1071,56,455,0,0),(1072,25,456,0,0),(1073,26,456,0,0),(1074,27,456,0,0),(1075,28,456,0,0),(1076,29,456,0,0),(1077,30,456,0,0),(1078,31,456,0,0),(1079,32,456,0,0),(1080,33,456,0,0),(1081,34,456,0,0),(1082,35,456,0,0),(1083,36,456,0,0),(1084,37,456,0,0),(1085,38,456,0,0),(1086,39,456,0,0),(1087,40,456,0,0),(1088,41,456,0,0),(1089,42,456,0,0),(1090,43,456,0,0),(1091,44,456,0,0),(1092,45,456,0,0),(1094,47,456,0,0),(1095,48,456,0,0),(1096,49,456,0,0),(1097,50,456,0,0),(1098,51,456,0,0),(1099,52,456,0,0),(1100,53,456,0,0),(1102,56,456,0,0),(1103,57,442,0,0),(1104,57,424,0,0),(1106,57,432,0,0),(1107,57,444,0,0),(1108,57,431,0,0),(1109,57,429,0,0),(1110,57,438,0,0),(1111,57,437,0,0),(1112,57,420,1,0),(1113,57,445,0,0),(1114,57,441,0,0),(1115,57,425,0,0),(1116,57,421,0,0),(1117,57,446,0,0),(1118,57,428,0,0),(1119,57,447,0,0),(1120,57,448,0,0),(1121,57,426,0,0),(1122,57,430,0,0),(1123,57,449,0,0),(1124,57,452,0,0),(1126,57,450,0,0),(1127,57,439,0,0),(1128,57,453,0,0),(1129,57,427,0,0),(1130,57,433,0,0),(1131,57,423,0,0),(1132,57,454,1,1),(1133,57,422,0,0),(1134,57,440,0,0),(1135,57,455,0,0),(1136,57,434,0,0),(1137,57,456,0,0),(1138,58,442,0,0),(1139,58,424,0,0),(1141,58,432,0,0),(1142,58,444,0,0),(1143,58,431,0,0),(1144,58,429,0,0),(1145,58,438,0,0),(1146,58,437,0,0),(1147,58,420,1,0),(1148,58,445,0,0),(1149,58,441,0,0),(1150,58,425,0,0),(1151,58,421,0,0),(1152,58,446,0,0),(1153,58,428,0,0),(1154,58,447,0,0),(1155,58,448,0,0),(1156,58,426,0,0),(1157,58,430,0,0),(1158,58,449,0,0),(1159,58,452,0,0),(1161,58,450,0,0),(1162,58,439,0,0),(1163,58,453,0,0),(1164,58,427,0,0),(1165,58,433,0,0),(1166,58,423,0,0),(1167,58,454,0,0),(1168,58,422,0,0),(1169,58,440,0,0),(1170,58,455,1,1),(1171,58,434,0,0),(1172,58,456,0,0),(1173,59,442,0,0),(1174,59,424,0,0),(1176,59,432,0,0),(1177,59,444,0,0),(1178,59,431,0,0),(1179,59,429,0,0),(1180,59,438,0,0),(1181,59,437,0,0),(1182,59,420,1,0),(1183,59,445,0,0),(1184,59,441,0,0),(1185,59,425,0,0),(1186,59,421,0,0),(1187,59,446,0,0),(1188,59,428,0,0),(1189,59,447,0,0),(1190,59,448,0,0),(1191,59,426,0,0),(1192,59,430,0,0),(1193,59,449,0,0),(1194,59,452,0,0),(1196,59,450,0,0),(1197,59,439,0,0),(1198,59,453,0,0),(1199,59,427,0,0),(1200,59,433,0,0),(1201,59,423,0,0),(1202,59,454,0,0),(1203,59,422,0,0),(1204,59,440,0,0),(1205,59,455,0,0),(1206,59,434,0,0),(1207,59,456,1,1),(1208,60,442,0,0),(1209,60,424,0,0),(1211,60,432,0,0),(1212,60,444,0,0),(1213,60,431,0,0),(1214,60,429,0,0),(1215,60,438,0,0),(1216,60,437,0,0),(1217,60,420,1,0),(1218,60,445,0,0),(1219,60,441,0,0),(1220,60,425,0,0),(1221,60,421,0,0),(1222,60,446,0,0),(1223,60,428,0,0),(1224,60,447,0,0),(1225,60,448,0,0),(1226,60,426,0,0),(1227,60,430,0,0),(1228,60,449,0,0),(1229,60,452,1,1),(1231,60,450,0,0),(1232,60,439,0,0),(1233,60,453,0,0),(1234,60,427,0,0),(1235,60,433,0,0),(1236,60,423,0,0),(1237,60,454,0,0),(1238,60,422,0,0),(1239,60,440,0,0),(1240,60,455,0,0),(1241,60,434,0,0),(1242,60,456,0,0),(1243,25,457,0,0),(1244,26,457,0,0),(1245,27,457,0,0),(1246,28,457,0,0),(1247,29,457,0,0),(1248,30,457,0,0),(1249,31,457,0,0),(1250,32,457,0,0),(1251,33,457,0,0),(1252,34,457,0,0),(1253,35,457,0,0),(1254,36,457,0,0),(1255,37,457,0,0),(1256,38,457,0,0),(1257,39,457,0,0),(1258,40,457,0,0),(1259,41,457,0,0),(1260,42,457,0,0),(1261,43,457,0,0),(1262,44,457,0,0),(1263,45,457,0,0),(1264,47,457,0,0),(1265,48,457,0,0),(1266,49,457,0,0),(1267,50,457,0,0),(1268,51,457,0,0),(1269,52,457,0,0),(1270,53,457,0,0),(1271,56,457,0,0),(1272,57,457,0,0),(1273,58,457,0,0),(1274,59,457,0,0),(1275,60,457,0,0);
/*!40000 ALTER TABLE `UserPermission` ENABLE KEYS */;
UNLOCK TABLES;

--
-- Table structure for table `migrations`
--

DROP TABLE IF EXISTS `migrations`;
/*!40101 SET @saved_cs_client     = @@character_set_client */;
/*!40101 SET character_set_client = utf8 */;
CREATE TABLE `migrations` (
  `id` int(10) unsigned NOT NULL AUTO_INCREMENT,
  `migration` varchar(255) COLLATE utf8_unicode_ci NOT NULL,
  `batch` int(11) NOT NULL,
  PRIMARY KEY (`id`)
) ENGINE=InnoDB AUTO_INCREMENT=4 DEFAULT CHARSET=utf8 COLLATE=utf8_unicode_ci;
/*!40101 SET character_set_client = @saved_cs_client */;

--
-- Dumping data for table `migrations`
--

LOCK TABLES `migrations` WRITE;
/*!40000 ALTER TABLE `migrations` DISABLE KEYS */;
INSERT INTO `migrations` VALUES (1,'2014_10_12_000000_create_users_table',1),(2,'2014_10_12_100000_create_password_resets_table',1),(3,'2020_03_03_162338_add_secret_column_to_users_table',2);
/*!40000 ALTER TABLE `migrations` ENABLE KEYS */;
UNLOCK TABLES;

--
-- Table structure for table `password_resets`
--

DROP TABLE IF EXISTS `password_resets`;
/*!40101 SET @saved_cs_client     = @@character_set_client */;
/*!40101 SET character_set_client = utf8 */;
CREATE TABLE `password_resets` (
  `email` varchar(255) COLLATE utf8_unicode_ci NOT NULL,
  `token` varchar(255) COLLATE utf8_unicode_ci NOT NULL,
  `created_at` timestamp NULL DEFAULT NULL,
  KEY `password_resets_email_index` (`email`)
) ENGINE=InnoDB DEFAULT CHARSET=utf8 COLLATE=utf8_unicode_ci;
/*!40101 SET character_set_client = @saved_cs_client */;

--
-- Dumping data for table `password_resets`
--

LOCK TABLES `password_resets` WRITE;
/*!40000 ALTER TABLE `password_resets` DISABLE KEYS */;
/*!40000 ALTER TABLE `password_resets` ENABLE KEYS */;
UNLOCK TABLES;

--
-- Table structure for table `users`
--

DROP TABLE IF EXISTS `users`;
/*!40101 SET @saved_cs_client     = @@character_set_client */;
/*!40101 SET character_set_client = utf8 */;
CREATE TABLE `users` (
  `id` bigint(20) unsigned NOT NULL AUTO_INCREMENT,
  `name` varchar(255) COLLATE utf8_unicode_ci NOT NULL,
  `email` varchar(255) COLLATE utf8_unicode_ci NOT NULL,
  `email_verified_at` timestamp NULL DEFAULT NULL,
  `password` varchar(255) COLLATE utf8_unicode_ci NOT NULL,
  `secret` varchar(255) COLLATE utf8_unicode_ci DEFAULT NULL,
  `remember_token` varchar(100) COLLATE utf8_unicode_ci DEFAULT NULL,
  `created_at` timestamp NULL DEFAULT NULL,
  `updated_at` timestamp NULL DEFAULT NULL,
  PRIMARY KEY (`id`),
  UNIQUE KEY `users_email_unique` (`email`)
) ENGINE=InnoDB AUTO_INCREMENT=37 DEFAULT CHARSET=utf8 COLLATE=utf8_unicode_ci;
/*!40101 SET character_set_client = @saved_cs_client */;

--
-- Dumping data for table `users`
--

LOCK TABLES `users` WRITE;
/*!40000 ALTER TABLE `users` DISABLE KEYS */;
INSERT INTO `users` VALUES (1,'English translator','English@iqualif.com',NULL,'$2y$10$ObLofsvtn.Ba/h2I7aRtpeld6IeqxBY42TTBxat9huId9JoMHpP5i','Zxcvbnm!@#1en',NULL,'2021-02-11 15:48:12','2022-03-22 06:34:28'),(2,'Malay@iqualif.com','Malay@iqualif.com',NULL,'$2y$10$hVRtjXrehZi/dqvPBqxfquGMNoWPSQn5ljbKh/zhnB..FyNCky.K6','Zxcvbnm!@#1ms',NULL,'2021-02-11 16:19:49','2022-03-22 06:34:26'),(3,'Spanish@iqualif.com','Spanish@iqualif.com',NULL,'$2y$10$GR4ut9vbWm/gYg04J4HUgeNRrBCh8qB1Ik8KWdgdbm2sklqlcwuwC','Zxcvbnm!@#1es','tZAKzySJfIDlGqAEbIybGugaD5pj8YI8SDUSh2976mYT8qtMzHUzNqIfzHw5','2021-02-12 10:49:12','2021-04-26 08:50:42'),(4,'Afrikaans@iqualif.com','Afrikaans@iqualif.com',NULL,'$2y$10$ihemJLE7.si6qEHHyjnnBO19S0wbpu8FSsVeqe3Y6aguZAVRo7Q7e','Zxcvbnm!@#1af',NULL,'2021-02-13 08:49:58','2021-04-26 08:48:58'),(5,'Arabic@iqualif.com','Arabic@iqualif.com',NULL,'$2y$10$s7gOJ9ryi.vrLeK/DTgKwOk95AVorkDN7Umg4D6sXYTF0e/qDPOiK','Zxcvbnm!@#1ar','NHNPhXohOoXh0qAhdxkdywm4Tdk7UtXpSWOt58aHLLe4WnVZUxFMq96KRJ4a','2021-02-13 08:50:39','2021-04-26 08:48:58'),(6,'Bengali@iqualif.com','Bengali@iqualif.com',NULL,'$2y$10$i/dc..VjYZ6UrRM6SezxRORYyblOnbPMKF/9RqFI7kilSAaROupsm','Zxcvbnm!@#1be','PJktzlClKo6etzTyDXbrsHSIuhLStjYo166U0o2d5yjMkXAyiEN9ZqTuIzf2','2021-02-13 08:51:10','2021-04-26 08:48:57'),(7,'Bulgarian@iqualif.com','Bulgarian@iqualif.com',NULL,'$2y$10$TsfZCFucRL9XdWmp8s1e/OY9rTWimFKNqWxrDQKl7mmYSii.VRvG2','Zxcvbnm!@#1bu','2UFusR9AofnN8LcG1kXj1hBDBAAdyYGf1pMnu7jed4fe4mWOOGhw8NiYi4AP','2021-02-13 08:51:50','2021-04-26 08:48:56'),(8,'Chinese_simplified@iqualif.com','Chinese_simplified@iqualif.com',NULL,'$2y$10$Dpuc0N40VyG4y/e22rsHKu4c416p4eSrWkM.wUeZThM4tlSSIhd5e','Zxcvbnm!@#1chs','V2bfBobtzPALHY9PkqCxF57j139tAtTbmiWfw41LeABbTFWXoELUKSvOjnwj','2021-02-13 08:52:25','2021-04-26 08:48:55'),(9,'Chinese_traditional@iqualif.com','Chinese_traditional@iqualif.com',NULL,'$2y$10$st6rdVUteVrUdBQqaJy57OVTDZC2jkgAi.qrorDAO3iSULV5LBIHW','Zxcvbnm!@#1cht','B0seNqeD9h22I1Q02TnSSdQDQrhQa5hlOIfr3x0lBALF4ied8V4ews78c9u0','2021-02-13 08:52:51','2021-04-26 08:48:54'),(10,'Danish@iqualif.com','Danish@iqualif.com',NULL,'$2y$10$kIkW6.4oOCIkxi2K0NcoguUsUjCqDi.UWqeGJqph4U3zrzma1HMm6','Zxcvbnm!@#1da1',NULL,'2021-02-13 08:53:18','2021-06-21 11:50:26'),(11,'Dutch@iqualif.com','Dutch@iqualif.com',NULL,'$2y$10$JfQvBDH9Ij/CT5.xr/RObeIw3HLuFWWCgYr6iWB.LUveDAXBtKaF.','Zxcvbnm!@#1du','nclFxiOXAFD7lx8aYg4GVB3TInFB8Zvh0B67QLvZuRvJzDeKLWcNNRZseDgo','2021-02-13 08:53:46','2021-04-26 08:48:53'),(12,'Filipino@iqualif.com','Filipino@iqualif.com',NULL,'$2y$10$JBxf1HyehTdmkK1SVfjuMOABmtL7J8AsRrnoI17d3uaxZIk/hsJyO','Zxcvbnm!@#1fil','zlPmjotc39W4y8Sl0ze29zDMp0qjXFEMJgePvlnPvXtq2ylzqU2bw8ugGPaR','2021-02-13 08:54:44','2021-04-26 08:48:51'),(13,'Finnish@iqualif.com','Finnish@iqualif.com',NULL,'$2y$10$C4ssIIfkS6DI0xRmOAgJuu2/FQbpCz1VWsYpSyY4Qfu3Q5Y7lxtYy','Zxcvbnm!@#1fi',NULL,'2021-02-13 08:55:06','2021-04-26 08:48:49'),(14,'French@iqualif.com','French@iqualif.com',NULL,'$2y$10$zByoyIatZO1qvNU9QoMrzO5PxUtQs066N5Rh/6A8/CO.fTsLc6wE2','Zxcvbnm!@#1fr','0c5auXDVBsJD8rqTOGq6C9luwSoO8D910fsavWZRA5iYLBFLgQB4SW68N3ok','2021-02-13 08:55:40','2021-04-26 08:48:48'),(15,'German@iqualif.com','German@iqualif.com',NULL,'$2y$10$jdoECaA3gllBuWyGg9ncBe/CIFNTV8CXmQMbYQjD5GVsgNMrY48yy','Zxcvbnm!@#1ge',NULL,'2021-02-13 08:56:28','2021-04-26 08:48:47'),(16,'Greek@iqualif.com','Greek@iqualif.com',NULL,'$2y$10$ZflpIjoL5kpE7r2gJ0T0i.GinJa55eCFYXeLgjaIFhjRRXW11xJrG','Zxcvbnm!@#1gr',NULL,'2021-02-13 08:56:54','2021-04-26 08:48:45'),(17,'Hindi@iqualif.com','Hindi@iqualif.com',NULL,'$2y$10$Ydluri5uH63sJRrxZvtSIOmN/rLhMfIZcF1kR10JVMTWJzofLrXLG','Zxcvbnm!@#1gr',NULL,'2021-02-13 08:57:16','2021-04-26 08:49:25'),(18,'Hungarian@iqualif.com','Hungarian@iqualif.com',NULL,'$2y$10$5E75zDiEeiOZylM/sVxGuejr4YneWsESAa1kaNsWjxlhWKn6KPk0m','Zxcvbnm!@#1hu',NULL,'2021-02-13 08:57:42','2021-04-26 08:49:25'),(19,'Indonesian@iqualif.com','Indonesian@iqualif.com',NULL,'$2y$10$VeEL2JTLYAw09TQpL8yMBODoCWjyc/QGoGipnuoJmgXgOlyN1xuN.','Zxcvbnm!@#1in','aTciaT6MQQ9kv1caQqN6pStcSRpElYYmgD7ChLTdIVr6q5Z2KZd0B71FP6yi','2021-02-13 08:58:09','2021-04-26 08:51:12'),(20,'Italian@iqualif.com','Italian@iqualif.com',NULL,'$2y$10$kdDu//UWBmpSdTvmb94l4uRfBf3WYUQV0HDV8cswHwCrwQIBKHwKS','Zxcvbnm!@#1it',NULL,'2021-02-13 08:58:38','2021-04-26 08:51:10'),(21,'Japanese@iqualif.com','Japanese@iqualif.com',NULL,'$2y$10$ocaV46Etq0Ckoz8RJNs6GOlJQ9ZAW5PPMBn56xjVtEqBk.6xxRxWu','Zxcvbnm!@#1ja',NULL,'2021-02-13 09:00:35','2021-04-26 08:51:11'),(22,'Korean@iqualif.com','Korean@iqualif.com',NULL,'$2y$10$asGMRlYSGoJAiKzGrkplweD/mUe3eDC.zHP9AdFIKOtegSOYEdY.G','Zxcvbnm!@#1ko',NULL,'2021-02-13 09:01:40','2021-04-26 08:51:09'),(23,'Malagasy@iqualif.com','Malagasy@iqualif.com',NULL,'$2y$10$ffY4VCuc3iDTxsSZDoScT.c6B1ZsqJowAE0CCeih3qe8GGK4/6vcK','Zxcvbnm!@#1ma','wveU4OC7mBDhL0vpEgzFrpFjqCwj1xlGkx2OLVrvpIxxx9QaYVHPVAPiTBeG','2021-02-13 09:02:44','2021-04-26 08:51:09'),(24,'Norwegian@iqualif.com','Norwegian@iqualif.com',NULL,'$2y$10$c9M45pz6wW8FSNi99B7UeekdTEpVYHUIgtSLRhDNw1Xk.0rjVSfTG','Zxcvbnm!@#1no',NULL,'2021-02-13 09:04:15','2021-04-26 08:51:08'),(25,'Polish@iqualif.com','Polish@iqualif.com',NULL,'$2y$10$xM9LVvIzjpm6PfVwPjqMfO.YWl2tNOBM56xDG3LIlKtsSZqwZIcKq','Zxcvbnm!@#1po','ezGe8Y6eYBpykWvmPuUOPLBc2foJPEVzMcuLDqx8tvsgrmruTUqSBpfMoJlB','2021-02-13 09:05:21','2021-04-26 08:51:07'),(26,'Portuguese_br@iqualif.com','Portuguese_br@iqualif.com',NULL,'$2y$10$6nVvrF0MNtBdHCMU0q4kkusiDFyvoe4aMFG3Kv8zlsmk/GZXiyKw.','Zxcvbnm!@#1porbr',NULL,'2021-02-13 09:05:58','2021-04-26 08:51:06'),(27,'Portuguese_pt@iqualif.com','Portuguese_pt@iqualif.com',NULL,'$2y$10$vlraaMsOuDLBXPSf1sxOteGswZinnjujW5x5sVswWSTbFCOhEJGji','Zxcvbnm!@#1porpt','pbf8AZ7aFXcDDJmCxE3NupS6uLE2Qrzcm1K6NiarQ1C6Hbf9VpiacrIMM5Kt','2021-02-13 09:13:19','2021-04-26 08:51:04'),(28,'Russian@iqualif.com','Russian@iqualif.com',NULL,'$2y$10$bpKQlIWBY9iqan5Scqa/E.E7SzEdm3fInGM1Ofh.7sCAdjSt7SijC','Zxcvbnm!@#1ru',NULL,'2021-02-13 09:17:34','2021-04-26 08:51:03'),(29,'Slovak@iqualif.com','Slovak@iqualif.com',NULL,'$2y$10$Zx0eVlKFic/FouGRDAT.O.XG2dSpBUg19zthgfdDR0GA97AbLZEYC','Zxcvbnm!@#1sl','32jOzV8YUqpyK5EKZsEnZDTnwxHd8YAAiwu4hlBuySq4XYd0CIr64jeqzUt6','2021-02-13 09:18:20','2021-04-26 08:51:03'),(30,'Swedish@iqualif.com','Swedish@iqualif.com',NULL,'$2y$10$xMWBVJbE8gw/aKUdJ7A.S.Zzzze1j/6zh2HeQmxUFE1SXzawhQKxW','Zxcvbnm!@#1sw',NULL,'2021-02-13 09:19:39','2021-04-26 08:51:02'),(31,'Thai@iqualif.com','Thai@iqualif.com',NULL,'$2y$10$cubjkXmfb6Wht515Qbvnf.nh2HOjQA5fc/XcRpVKyHgSDdnK/9hiW','Zxcvbnm!@#1th','Z4S6QN2VIJHNvHnsSi7Ocb2H6xaPwmXnlf6Iy1FfwI8a5Wk8bG3p8zH77fNf','2021-02-13 09:20:14','2021-04-26 08:51:02'),(32,'Turkish@iqualif.com','Turkish@iqualif.com',NULL,'$2y$10$OBVSm5.g0IC24k7Haj18DOu5t62k1kHkq64.IO9ajtR.He2wdCM5m','Zxcvbnm!@#1tu',NULL,'2021-02-13 09:20:38','2021-04-26 08:51:01'),(33,'Ukrainian@iqualif.com','Ukrainian@iqualif.com',NULL,'$2y$10$.Y2CykKmZkmT4cVS0ObwqOpKl5rJRVfRy3r6hFtObfGvG5evdgt6y','Zxcvbnm!@#1uk','XVQdzq1kHGoHWSGYN8e4KWoV6WoipBVE1y2MClCdtrgHe38cgMQt5B6wnPNs','2021-02-13 09:21:35','2021-04-26 08:51:00'),(34,'Croatian@iqualif.com','Croatian@iqualif.com',NULL,'$2y$10$mVzY2bNrEd/dXTATGiWiSeU/xc9h.Gg1qwCvV3PEIVuE3wGA2TBd2','Zxcvbnm!@#1hr',NULL,'2021-10-04 09:21:16','2022-03-22 06:34:07'),(35,'bugsmaker','bugsmaker@gmail.com',NULL,'$2y$10$rcjlDB2qOa9ISAWIc77HSe9JaN/D4P6sRFwUsQxkDMl8kDsG5ifom',NULL,NULL,'2022-09-23 04:14:14','2022-09-23 04:14:14'),(36,'test','test@gmail.com',NULL,'$2y$10$YW2Q8ht/l2/lUri9OI4SsOZiG1nkHpAeMpJWJuL9vgYMCdm8hWE0i',NULL,NULL,'2022-09-23 12:14:47','2022-09-23 12:14:47');
/*!40000 ALTER TABLE `users` ENABLE KEYS */;
UNLOCK TABLES;
/*!40103 SET TIME_ZONE=@OLD_TIME_ZONE */;

/*!40101 SET SQL_MODE=@OLD_SQL_MODE */;
/*!40014 SET FOREIGN_KEY_CHECKS=@OLD_FOREIGN_KEY_CHECKS */;
/*!40014 SET UNIQUE_CHECKS=@OLD_UNIQUE_CHECKS */;
/*!40101 SET CHARACTER_SET_CLIENT=@OLD_CHARACTER_SET_CLIENT */;
/*!40101 SET CHARACTER_SET_RESULTS=@OLD_CHARACTER_SET_RESULTS */;
/*!40101 SET COLLATION_CONNECTION=@OLD_COLLATION_CONNECTION */;
/*!40111 SET SQL_NOTES=@OLD_SQL_NOTES */;

-- Dump completed on 2022-09-23 12:19:50
